Title,Price,Rating,Colors,Size,Gender,Timestamp
T-shirt 2,1634400,3.9,3,M,Women,2025-05-22T14:10:45.250318
Hoodie 3,7950080,4.8,3,L,Unisex,2025-05-22T14:10:45.250318
Pants 4,7476960,3.3,3,XL,Men,2025-05-22T14:10:45.250318
Outerwear 5,5145440,3.5,3,XXL,Women,2025-05-22T14:10:45.251318
Jacket 6,2453920,3.3,3,S,Unisex,2025-05-22T14:10:45.251318
Crewneck 7,6892000,4.3,3,M,Men,2025-05-22T14:10:45.251318
T-shirt 8,7802560,3.1,3,L,Women,2025-05-22T14:10:45.251318
Hoodie 9,3972160,3.2,3,XL,Unisex,2025-05-22T14:10:45.251318
Pants 10,3100160,4.2,3,XXL,Men,2025-05-22T14:10:45.251318
Jacket 12,8527840,3.9,3,M,Unisex,2025-05-22T14:10:45.252318
Crewneck 13,5447200,3.2,3,L,Men,2025-05-22T14:10:45.252318
T-shirt 14,3248800,3.8,3,XL,Women,2025-05-22T14:10:45.252318
Hoodie 15,2184160,3.6,3,XXL,Unisex,2025-05-22T14:10:45.252318
Outerwear 17,841600,3.8,3,M,Women,2025-05-22T14:10:45.252318
Jacket 18,5500000,3.8,3,L,Unisex,2025-05-22T14:10:45.253327
Crewneck 19,1308960,3.6,3,XL,Men,2025-05-22T14:10:45.253327
T-shirt 20,1325600,3.4,3,XXL,Women,2025-05-22T14:10:45.253327
Pants 22,4319680,4.9,3,M,Men,2025-05-22T14:10:45.401482
Outerwear 23,4655840,3.7,3,L,Women,2025-05-22T14:10:45.401482
Jacket 24,8223520,3.9,3,XL,Unisex,2025-05-22T14:10:45.401482
Crewneck 25,8322559,3.3,3,XXL,Men,2025-05-22T14:10:45.401482
T-shirt 26,7292320,4.6,3,S,Women,2025-05-22T14:10:45.401482
Hoodie 27,3551840,4.8,3,M,Unisex,2025-05-22T14:10:45.401482
Pants 28,5216160,4.0,3,L,Men,2025-05-22T14:10:45.402484
Outerwear 29,861600,3.1,3,XL,Women,2025-05-22T14:10:45.402484
Jacket 30,8610240,3.7,3,XXL,Unisex,2025-05-22T14:10:45.402484
T-shirt 32,6657920,3.4,3,M,Women,2025-05-22T14:10:45.402484
Hoodie 33,7248160,3.5,3,L,Unisex,2025-05-22T14:10:45.403489
Pants 34,8362719,3.8,3,XL,Men,2025-05-22T14:10:45.403489
Outerwear 35,1356160,3.8,3,XXL,Women,2025-05-22T14:10:45.403489
Jacket 36,7249280,3.7,3,S,Unisex,2025-05-22T14:10:45.403489
Crewneck 37,6006080,4.0,3,M,Men,2025-05-22T14:10:45.404485
T-shirt 38,4866080,3.2,3,L,Women,2025-05-22T14:10:45.404485
Hoodie 39,6431200,4.6,3,XL,Unisex,2025-05-22T14:10:45.404485
Pants 40,5853600,3.1,3,XXL,Men,2025-05-22T14:10:45.405486
Jacket 42,6744160,3.7,3,M,Unisex,2025-05-22T14:10:46.527021
Crewneck 43,2909600,4.5,3,L,Men,2025-05-22T14:10:46.527021
T-shirt 44,3312320,3.0,3,XL,Women,2025-05-22T14:10:46.527021
Hoodie 45,8693120,4.5,3,XXL,Unisex,2025-05-22T14:10:46.527021
Outerwear 47,6364640,3.2,3,M,Women,2025-05-22T14:10:46.527021
Jacket 48,4994720,3.4,3,L,Unisex,2025-05-22T14:10:46.527021
Crewneck 49,1071200,4.0,3,XL,Men,2025-05-22T14:10:46.528031
T-shirt 50,5932960,3.1,3,XXL,Women,2025-05-22T14:10:46.528031
Pants 52,1596480,4.0,3,M,Men,2025-05-22T14:10:46.528731
Outerwear 53,4470880,4.3,3,L,Women,2025-05-22T14:10:46.528731
Jacket 54,854560,4.2,3,XL,Unisex,2025-05-22T14:10:46.528731
Crewneck 55,1793760,3.6,3,XXL,Men,2025-05-22T14:10:46.528731
T-shirt 56,4643040,3.8,3,S,Women,2025-05-22T14:10:46.528731
Hoodie 57,3155360,4.9,3,M,Unisex,2025-05-22T14:10:46.529740
Pants 58,1637760,4.4,3,L,Men,2025-05-22T14:10:46.529740
Outerwear 59,2254240,4.6,3,XL,Women,2025-05-22T14:10:46.529740
Jacket 60,3375520,4.2,3,XXL,Unisex,2025-05-22T14:10:46.529740
T-shirt 62,1376480,3.8,3,M,Women,2025-05-22T14:10:47.657583
Hoodie 63,6479200,3.6,3,L,Unisex,2025-05-22T14:10:47.657583
Pants 64,7728480,4.0,3,XL,Men,2025-05-22T14:10:47.657583
Outerwear 65,2385920,4.1,3,XXL,Women,2025-05-22T14:10:47.658584
Jacket 66,4353120,3.5,3,S,Unisex,2025-05-22T14:10:47.658584
Crewneck 67,8470720,3.5,3,M,Men,2025-05-22T14:10:47.658584
T-shirt 68,8025280,4.0,3,L,Women,2025-05-22T14:10:47.659587
Hoodie 69,1027839,3.6,3,XL,Unisex,2025-05-22T14:10:47.659587
Pants 70,1171360,4.4,3,XXL,Men,2025-05-22T14:10:47.660584
Jacket 72,3776000,4.4,3,M,Unisex,2025-05-22T14:10:47.661095
Crewneck 73,2460320,3.0,3,L,Men,2025-05-22T14:10:47.661095
T-shirt 74,7704800,3.8,3,XL,Women,2025-05-22T14:10:47.661095
Hoodie 75,2101760,4.3,3,XXL,Unisex,2025-05-22T14:10:47.662105
Outerwear 77,861760,3.7,3,M,Women,2025-05-22T14:10:47.662105
Jacket 78,2716480,4.3,3,L,Unisex,2025-05-22T14:10:47.662105
Crewneck 79,3309600,4.6,3,XL,Men,2025-05-22T14:10:47.663121
T-shirt 80,4178399,4.5,3,XXL,Women,2025-05-22T14:10:47.663121
Pants 82,8315520,4.8,3,M,Men,2025-05-22T14:10:48.830199
Outerwear 83,3947840,3.7,3,L,Women,2025-05-22T14:10:48.830199
Jacket 84,2826080,4.8,3,XL,Unisex,2025-05-22T14:10:48.831199
Crewneck 85,4564160,3.5,3,XXL,Men,2025-05-22T14:10:48.831199
T-shirt 86,1670880,3.9,3,S,Women,2025-05-22T14:10:48.831199
Hoodie 87,7870240,4.3,3,M,Unisex,2025-05-22T14:10:48.831199
Pants 88,7590400,3.1,3,L,Men,2025-05-22T14:10:48.831199
Outerwear 89,4856320,3.0,3,XL,Women,2025-05-22T14:10:48.831199
Jacket 90,7160000,4.0,3,XXL,Unisex,2025-05-22T14:10:48.832198
T-shirt 92,5012320,3.5,3,M,Women,2025-05-22T14:10:48.832198
Hoodie 93,1365280,3.6,3,L,Unisex,2025-05-22T14:10:48.832198
Pants 94,1074880,4.3,3,XL,Men,2025-05-22T14:10:48.832198
Outerwear 95,6062240,3.5,3,XXL,Women,2025-05-22T14:10:48.832198
Jacket 96,4598240,4.9,3,S,Unisex,2025-05-22T14:10:48.833193
Crewneck 97,6113120,3.9,3,M,Men,2025-05-22T14:10:48.833193
T-shirt 98,8596960,3.1,3,L,Women,2025-05-22T14:10:48.833193
Hoodie 99,5028000,3.6,3,XL,Unisex,2025-05-22T14:10:48.833193
Pants 100,2217280,4.6,3,XXL,Men,2025-05-22T14:10:48.833193
Jacket 102,3840640,3.3,3,M,Unisex,2025-05-22T14:10:49.963727
Crewneck 103,2331680,3.5,3,L,Men,2025-05-22T14:10:49.963727
T-shirt 104,2374400,3.8,3,XL,Women,2025-05-22T14:10:49.963727
Hoodie 105,5019840,4.2,3,XXL,Unisex,2025-05-22T14:10:49.963727
Outerwear 107,6625120,4.0,3,M,Women,2025-05-22T14:10:49.963727
Jacket 108,5551680,4.8,3,L,Unisex,2025-05-22T14:10:49.964734
Crewneck 109,5886880,3.3,3,XL,Men,2025-05-22T14:10:49.964734
T-shirt 110,7197120,4.6,3,XXL,Women,2025-05-22T14:10:49.964734
Pants 112,4261920,3.3,3,M,Men,2025-05-22T14:10:49.965499
Outerwear 113,4472000,3.7,3,L,Women,2025-05-22T14:10:49.965499
Jacket 114,5386560,4.9,3,XL,Unisex,2025-05-22T14:10:49.965499
Crewneck 115,1933280,4.5,3,XXL,Men,2025-05-22T14:10:49.966400
T-shirt 116,3474560,3.0,3,S,Women,2025-05-22T14:10:49.966400
Hoodie 117,3376320,5.0,3,M,Unisex,2025-05-22T14:10:49.966923
Pants 118,5585440,3.2,3,L,Men,2025-05-22T14:10:49.966923
Outerwear 119,3561760,3.4,3,XL,Women,2025-05-22T14:10:49.967661
Jacket 120,7480320,4.0,3,XXL,Unisex,2025-05-22T14:10:49.967661
T-shirt 122,1961920,3.6,3,M,Women,2025-05-22T14:10:51.481755
Hoodie 123,4498080,3.8,3,L,Unisex,2025-05-22T14:10:51.481755
Pants 124,7023520,3.2,3,XL,Men,2025-05-22T14:10:51.481755
Outerwear 125,6998240,4.2,3,XXL,Women,2025-05-22T14:10:51.482774
Jacket 126,4426080,3.9,3,S,Unisex,2025-05-22T14:10:51.482774
Crewneck 127,8311680,4.0,3,M,Men,2025-05-22T14:10:51.482774
T-shirt 128,4466720,3.8,3,L,Women,2025-05-22T14:10:51.483293
Hoodie 129,2532480,4.5,3,XL,Unisex,2025-05-22T14:10:51.483293
Pants 130,6603520,4.8,3,XXL,Men,2025-05-22T14:10:51.483807
Jacket 132,6474880,4.2,3,M,Unisex,2025-05-22T14:10:51.483807
Crewneck 133,2016320,4.7,3,L,Men,2025-05-22T14:10:51.483807
T-shirt 134,5937440,3.2,3,XL,Women,2025-05-22T14:10:51.484336
Hoodie 135,5141440,4.7,3,XXL,Unisex,2025-05-22T14:10:51.484336
Outerwear 137,6988320,4.5,3,M,Women,2025-05-22T14:10:51.484336
Jacket 138,4635520,3.4,3,L,Unisex,2025-05-22T14:10:51.484869
Crewneck 139,8053120,4.5,3,XL,Men,2025-05-22T14:10:51.484869
T-shirt 140,6811040,3.5,3,XXL,Women,2025-05-22T14:10:51.484869
Pants 142,2325280,4.9,3,M,Men,2025-05-22T14:10:52.690266
Outerwear 143,3346560,4.9,3,L,Women,2025-05-22T14:10:52.690266
Jacket 144,5758240,4.3,3,XL,Unisex,2025-05-22T14:10:52.691279
Crewneck 145,3472800,4.8,3,XXL,Men,2025-05-22T14:10:52.691279
T-shirt 146,7688640,4.3,3,S,Women,2025-05-22T14:10:52.691279
Hoodie 147,3052800,5.0,3,M,Unisex,2025-05-22T14:10:52.691279
Pants 148,6033440,4.7,3,L,Men,2025-05-22T14:10:52.691279
Outerwear 149,3105920,3.2,3,XL,Women,2025-05-22T14:10:52.692278
Jacket 150,1500640,3.6,3,XXL,Unisex,2025-05-22T14:10:52.692278
T-shirt 152,6288640,4.2,3,M,Women,2025-05-22T14:10:52.692278
Hoodie 153,2660640,4.3,3,L,Unisex,2025-05-22T14:10:52.692278
Pants 154,2337440,3.0,3,XL,Men,2025-05-22T14:10:52.692278
Outerwear 155,3783200,4.1,3,XXL,Women,2025-05-22T14:10:52.692278
Jacket 156,6645120,3.6,3,S,Unisex,2025-05-22T14:10:52.693277
Crewneck 157,1105760,4.0,3,M,Men,2025-05-22T14:10:52.693277
T-shirt 158,7321120,4.0,3,L,Women,2025-05-22T14:10:52.693277
Hoodie 159,2371680,4.9,3,XL,Unisex,2025-05-22T14:10:52.693277
Pants 160,2802880,3.4,3,XXL,Men,2025-05-22T14:10:52.694278
Jacket 162,1543840,4.5,3,M,Unisex,2025-05-22T14:10:53.941330
Crewneck 163,7861920,4.4,3,L,Men,2025-05-22T14:10:53.941330
T-shirt 164,3512000,3.9,3,XL,Women,2025-05-22T14:10:53.942327
Hoodie 165,6921280,4.9,3,XXL,Unisex,2025-05-22T14:10:53.942327
Outerwear 167,3273760,3.1,3,M,Women,2025-05-22T14:10:53.942327
Jacket 168,870400,4.4,3,L,Unisex,2025-05-22T14:10:53.942327
Crewneck 169,8032800,4.7,3,XL,Men,2025-05-22T14:10:53.942327
T-shirt 170,6677920,4.5,3,XXL,Women,2025-05-22T14:10:53.943328
Pants 172,1566080,4.9,3,M,Men,2025-05-22T14:10:53.943328
Outerwear 173,7034560,4.6,3,L,Women,2025-05-22T14:10:53.943328
Jacket 174,6282240,3.3,3,XL,Unisex,2025-05-22T14:10:53.943328
Crewneck 175,8125120,4.5,3,XXL,Men,2025-05-22T14:10:53.943328
T-shirt 176,6104320,3.6,3,S,Women,2025-05-22T14:10:53.944322
Hoodie 177,1890400,4.6,3,M,Unisex,2025-05-22T14:10:53.944322
Pants 178,6184160,3.0,3,L,Men,2025-05-22T14:10:53.944322
Outerwear 179,5816640,3.5,3,XL,Women,2025-05-22T14:10:53.944322
Jacket 180,5552640,3.9,3,XXL,Unisex,2025-05-22T14:10:53.944322
T-shirt 182,2334880,3.8,3,M,Women,2025-05-22T14:10:55.079588
Hoodie 183,3904640,3.6,3,L,Unisex,2025-05-22T14:10:55.079588
Pants 184,7759520,4.5,3,XL,Men,2025-05-22T14:10:55.079588
Outerwear 185,7822880,3.2,3,XXL,Women,2025-05-22T14:10:55.079588
Jacket 186,6940480,4.2,3,S,Unisex,2025-05-22T14:10:55.079588
Crewneck 187,6663520,3.8,3,M,Men,2025-05-22T14:10:55.080682
T-shirt 188,3927840,4.4,3,L,Women,2025-05-22T14:10:55.080682
Hoodie 189,1946720,4.0,3,XL,Unisex,2025-05-22T14:10:55.080682
Pants 190,2220960,4.5,3,XXL,Men,2025-05-22T14:10:55.080682
Jacket 192,5066240,3.8,3,M,Unisex,2025-05-22T14:10:55.080682
Crewneck 193,7355680,4.1,3,L,Men,2025-05-22T14:10:55.081594
T-shirt 194,2818720,4.9,3,XL,Women,2025-05-22T14:10:55.081594
Hoodie 195,7208960,4.9,3,XXL,Unisex,2025-05-22T14:10:55.081594
Outerwear 197,5681600,4.9,3,M,Women,2025-05-22T14:10:55.081594
Jacket 198,5435040,4.5,3,L,Unisex,2025-05-22T14:10:55.082592
Crewneck 199,6744320,3.1,3,XL,Men,2025-05-22T14:10:55.082592
T-shirt 200,6289920,3.5,3,XXL,Women,2025-05-22T14:10:55.082592
Pants 202,5592480,3.3,3,M,Men,2025-05-22T14:10:56.177092
Outerwear 203,2144000,3.4,3,L,Women,2025-05-22T14:10:56.177092
Jacket 204,6031040,3.9,3,XL,Unisex,2025-05-22T14:10:56.177092
Crewneck 205,6434880,3.2,3,XXL,Men,2025-05-22T14:10:56.177092
T-shirt 206,4674720,4.5,3,S,Women,2025-05-22T14:10:56.177092
Hoodie 207,6101440,3.5,3,M,Unisex,2025-05-22T14:10:56.177092
Pants 208,4637600,3.1,3,L,Men,2025-05-22T14:10:56.178092
Outerwear 209,7980640,4.3,3,XL,Women,2025-05-22T14:10:56.178092
Jacket 210,7827360,4.7,3,XXL,Unisex,2025-05-22T14:10:56.178092
T-shirt 212,8794880,4.7,3,M,Women,2025-05-22T14:10:56.178092
Hoodie 213,5748000,3.6,3,L,Unisex,2025-05-22T14:10:56.178092
Pants 214,4315680,4.9,3,XL,Men,2025-05-22T14:10:56.179094
Outerwear 215,1449600,3.8,3,XXL,Women,2025-05-22T14:10:56.179094
Jacket 216,4576480,4.6,3,S,Unisex,2025-05-22T14:10:56.179094
Crewneck 217,5772960,4.8,3,M,Men,2025-05-22T14:10:56.179094
T-shirt 218,5600320,3.1,3,L,Women,2025-05-22T14:10:56.179094
Hoodie 219,5671040,4.6,3,XL,Unisex,2025-05-22T14:10:56.179094
Pants 220,3357600,3.2,3,XXL,Men,2025-05-22T14:10:56.180093
Jacket 222,7438080,3.4,3,M,Unisex,2025-05-22T14:10:57.343094
Crewneck 223,952960,4.8,3,L,Men,2025-05-22T14:10:57.343094
T-shirt 224,3534560,4.5,3,XL,Women,2025-05-22T14:10:57.343094
Hoodie 225,5232800,3.5,3,XXL,Unisex,2025-05-22T14:10:57.343739
Outerwear 227,6742560,4.8,3,M,Women,2025-05-22T14:10:57.343739
Jacket 228,8076800,4.5,3,L,Unisex,2025-05-22T14:10:57.343739
Crewneck 229,3101920,4.9,3,XL,Men,2025-05-22T14:10:57.343739
T-shirt 230,7133280,4.5,3,XXL,Women,2025-05-22T14:10:57.343739
Pants 232,8327360,4.0,3,M,Men,2025-05-22T14:10:57.344747
Outerwear 233,847360,4.8,3,L,Women,2025-05-22T14:10:57.344747
Jacket 234,1159200,4.5,3,XL,Unisex,2025-05-22T14:10:57.344747
Crewneck 235,6560320,3.4,3,XXL,Men,2025-05-22T14:10:57.344747
T-shirt 236,5492320,3.9,3,S,Women,2025-05-22T14:10:57.344747
Hoodie 237,4743520,3.1,3,M,Unisex,2025-05-22T14:10:57.344747
Pants 238,8301920,3.8,3,L,Men,2025-05-22T14:10:57.345770
Outerwear 239,7934080,3.1,3,XL,Women,2025-05-22T14:10:57.345770
Jacket 240,7600000,3.8,3,XXL,Unisex,2025-05-22T14:10:57.345770
T-shirt 242,4833600,3.4,3,M,Women,2025-05-22T14:10:58.449827
Hoodie 243,3371680,3.1,3,L,Unisex,2025-05-22T14:10:58.449827
Pants 244,8116160,3.1,3,XL,Men,2025-05-22T14:10:58.449827
Outerwear 245,1451680,4.0,3,XXL,Women,2025-05-22T14:10:58.449827
Jacket 246,8735040,3.1,3,S,Unisex,2025-05-22T14:10:58.449827
Crewneck 247,8769120,3.0,3,M,Men,2025-05-22T14:10:58.450826
T-shirt 248,2280000,4.5,3,L,Women,2025-05-22T14:10:58.450826
Hoodie 249,2149440,4.2,3,XL,Unisex,2025-05-22T14:10:58.450826
Pants 250,4314240,3.1,3,XXL,Men,2025-05-22T14:10:58.450826
Jacket 252,8408480,3.2,3,M,Unisex,2025-05-22T14:10:58.450826
Crewneck 253,1854720,3.9,3,L,Men,2025-05-22T14:10:58.451826
T-shirt 254,5984160,3.9,3,XL,Women,2025-05-22T14:10:58.451826
Hoodie 255,3668000,4.1,3,XXL,Unisex,2025-05-22T14:10:58.451826
Outerwear 257,7073120,5.0,3,M,Women,2025-05-22T14:10:58.451826
Jacket 258,2080639,4.7,3,L,Unisex,2025-05-22T14:10:58.451826
Crewneck 259,2275520,3.3,3,XL,Men,2025-05-22T14:10:58.451826
T-shirt 260,6271520,3.5,3,XXL,Women,2025-05-22T14:10:58.452822
Pants 262,1097760,3.4,3,M,Men,2025-05-22T14:10:59.544018
Outerwear 263,1878400,4.2,3,L,Women,2025-05-22T14:10:59.544018
Jacket 264,2063040,4.8,3,XL,Unisex,2025-05-22T14:10:59.545017
Crewneck 265,2483040,3.5,3,XXL,Men,2025-05-22T14:10:59.545017
T-shirt 266,4842080,4.6,3,S,Women,2025-05-22T14:10:59.545017
Hoodie 267,4086240,4.3,3,M,Unisex,2025-05-22T14:10:59.545017
Pants 268,5005120,3.6,3,L,Men,2025-05-22T14:10:59.545017
Outerwear 269,8073920,3.1,3,XL,Women,2025-05-22T14:10:59.545017
Jacket 270,2569120,4.2,3,XXL,Unisex,2025-05-22T14:10:59.545017
T-shirt 272,5811840,3.3,3,M,Women,2025-05-22T14:10:59.545017
Hoodie 273,5291360,4.9,3,L,Unisex,2025-05-22T14:10:59.545017
Pants 274,3669280,4.2,3,XL,Men,2025-05-22T14:10:59.546531
Outerwear 275,5575360,4.8,3,XXL,Women,2025-05-22T14:10:59.546531
Jacket 276,1013600,4.3,3,S,Unisex,2025-05-22T14:10:59.546531
Crewneck 277,2383680,4.7,3,M,Men,2025-05-22T14:10:59.546531
T-shirt 278,2087360,3.8,3,L,Women,2025-05-22T14:10:59.546531
Hoodie 279,5592320,4.7,3,XL,Unisex,2025-05-22T14:10:59.547542
Pants 280,7501440,3.9,3,XXL,Men,2025-05-22T14:10:59.547542
Jacket 282,2227040,3.0,3,M,Unisex,2025-05-22T14:11:00.647351
Crewneck 283,6633120,3.2,3,L,Men,2025-05-22T14:11:00.648334
T-shirt 284,6568000,3.6,3,XL,Women,2025-05-22T14:11:00.648334
Hoodie 285,3009120,3.2,3,XXL,Unisex,2025-05-22T14:11:00.648334
Outerwear 287,5273600,3.7,3,M,Women,2025-05-22T14:11:00.648334
Jacket 288,3123040,4.1,3,L,Unisex,2025-05-22T14:11:00.648334
Crewneck 289,888000,4.0,3,XL,Men,2025-05-22T14:11:00.648334
T-shirt 290,6425120,4.2,3,XXL,Women,2025-05-22T14:11:00.649341
Pants 292,2384480,3.9,3,M,Men,2025-05-22T14:11:00.649341
Outerwear 293,1176160,4.5,3,L,Women,2025-05-22T14:11:00.649341
Jacket 294,5947200,3.8,3,XL,Unisex,2025-05-22T14:11:00.649341
Crewneck 295,7266720,4.9,3,XXL,Men,2025-05-22T14:11:00.649341
T-shirt 296,1172160,3.1,3,S,Women,2025-05-22T14:11:00.649341
Hoodie 297,7801120,3.6,3,M,Unisex,2025-05-22T14:11:00.650345
Pants 298,2426080,4.8,3,L,Men,2025-05-22T14:11:00.650345
Outerwear 299,1947840,4.3,3,XL,Women,2025-05-22T14:11:00.650345
Jacket 300,6408480,4.0,3,XXL,Unisex,2025-05-22T14:11:00.650345
T-shirt 302,5711200,3.2,3,M,Women,2025-05-22T14:11:01.756083
Hoodie 303,7974560,4.1,3,L,Unisex,2025-05-22T14:11:01.756083
Pants 304,7129760,3.4,3,XL,Men,2025-05-22T14:11:01.756083
Outerwear 305,6325440,4.5,3,XXL,Women,2025-05-22T14:11:01.756083
Jacket 306,7575040,4.2,3,S,Unisex,2025-05-22T14:11:01.757062
Crewneck 307,7735200,3.7,3,M,Men,2025-05-22T14:11:01.757062
T-shirt 308,4086080,4.1,3,L,Women,2025-05-22T14:11:01.757062
Hoodie 309,3953120,4.8,3,XL,Unisex,2025-05-22T14:11:01.757062
Pants 310,6329280,4.7,3,XXL,Men,2025-05-22T14:11:01.757062
Jacket 312,7267040,3.8,3,M,Unisex,2025-05-22T14:11:01.758062
Crewneck 313,1948320,3.1,3,L,Men,2025-05-22T14:11:01.758062
T-shirt 314,6017120,3.2,3,XL,Women,2025-05-22T14:11:01.758062
Hoodie 315,7022880,3.1,3,XXL,Unisex,2025-05-22T14:11:01.758062
Outerwear 317,5259040,3.3,3,M,Women,2025-05-22T14:11:01.758062
Jacket 318,5667200,3.7,3,L,Unisex,2025-05-22T14:11:01.759064
Crewneck 319,3085920,3.3,3,XL,Men,2025-05-22T14:11:01.759064
T-shirt 320,829440,3.3,3,XXL,Women,2025-05-22T14:11:01.759064
Pants 322,7810400,3.2,3,M,Men,2025-05-22T14:11:02.864111
Outerwear 323,8468000,3.1,3,L,Women,2025-05-22T14:11:02.865140
Jacket 324,6082720,3.3,3,XL,Unisex,2025-05-22T14:11:02.865140
Crewneck 325,3001760,3.4,3,XXL,Men,2025-05-22T14:11:02.865140
T-shirt 326,4519360,4.9,3,S,Women,2025-05-22T14:11:02.865140
Hoodie 327,6641440,4.4,3,M,Unisex,2025-05-22T14:11:02.866125
Pants 328,5732960,4.5,3,L,Men,2025-05-22T14:11:02.866125
Outerwear 329,6724160,4.7,3,XL,Women,2025-05-22T14:11:02.866125
Jacket 330,1591200,4.3,3,XXL,Unisex,2025-05-22T14:11:02.867122
T-shirt 332,2335680,3.4,3,M,Women,2025-05-22T14:11:02.867122
Hoodie 333,1746080,4.8,3,L,Unisex,2025-05-22T14:11:02.867122
Pants 334,2409440,3.8,3,XL,Men,2025-05-22T14:11:02.867122
Outerwear 335,2826720,3.0,3,XXL,Women,2025-05-22T14:11:02.868128
Jacket 336,6237760,5.0,3,S,Unisex,2025-05-22T14:11:02.868128
Crewneck 337,8608800,4.3,3,M,Men,2025-05-22T14:11:02.868128
T-shirt 338,2883360,3.9,3,L,Women,2025-05-22T14:11:02.869131
Hoodie 339,4424800,4.9,3,XL,Unisex,2025-05-22T14:11:02.869131
Pants 340,5975200,4.3,3,XXL,Men,2025-05-22T14:11:02.869131
Jacket 342,1827680,4.8,3,M,Unisex,2025-05-22T14:11:03.972396
Crewneck 343,2279040,4.1,3,L,Men,2025-05-22T14:11:03.973398
T-shirt 344,3415680,4.5,3,XL,Women,2025-05-22T14:11:03.973398
Hoodie 345,7577440,3.3,3,XXL,Unisex,2025-05-22T14:11:03.973398
Outerwear 347,6986080,4.7,3,M,Women,2025-05-22T14:11:03.973398
Jacket 348,3195040,4.6,3,L,Unisex,2025-05-22T14:11:03.973398
Crewneck 349,6085600,3.5,3,XL,Men,2025-05-22T14:11:03.974403
T-shirt 350,8047680,5.0,3,XXL,Women,2025-05-22T14:11:03.974403
Pants 352,2838880,4.0,3,M,Men,2025-05-22T14:11:03.974403
Outerwear 353,961600,3.6,3,L,Women,2025-05-22T14:11:03.974403
Jacket 354,2294720,3.8,3,XL,Unisex,2025-05-22T14:11:03.974403
Crewneck 355,4246560,3.2,3,XXL,Men,2025-05-22T14:11:03.974403
T-shirt 356,7150080,4.3,3,S,Women,2025-05-22T14:11:03.975395
Hoodie 357,3739360,3.6,3,M,Unisex,2025-05-22T14:11:03.975395
Pants 358,8479520,3.9,3,L,Men,2025-05-22T14:11:03.975395
Outerwear 359,1696480,4.3,3,XL,Women,2025-05-22T14:11:03.975395
Jacket 360,8788320,4.8,3,XXL,Unisex,2025-05-22T14:11:03.975395
T-shirt 362,4776800,5.0,3,M,Women,2025-05-22T14:11:05.083542
Hoodie 363,1171360,3.2,3,L,Unisex,2025-05-22T14:11:05.083542
Pants 364,4972800,4.8,3,XL,Men,2025-05-22T14:11:05.083542
Outerwear 365,6956480,4.5,3,XXL,Women,2025-05-22T14:11:05.083542
Jacket 366,5854880,4.9,3,S,Unisex,2025-05-22T14:11:05.084548
Crewneck 367,8359360,4.9,3,M,Men,2025-05-22T14:11:05.084548
T-shirt 368,965120,3.2,3,L,Women,2025-05-22T14:11:05.084548
Hoodie 369,7204960,4.7,3,XL,Unisex,2025-05-22T14:11:05.084548
Pants 370,4559680,3.6,3,XXL,Men,2025-05-22T14:11:05.084548
Jacket 372,5052960,3.6,3,M,Unisex,2025-05-22T14:11:05.085553
Crewneck 373,2231040,3.6,3,L,Men,2025-05-22T14:11:05.085553
T-shirt 374,7697120,3.9,3,XL,Women,2025-05-22T14:11:05.085553
Hoodie 375,7027520,3.9,3,XXL,Unisex,2025-05-22T14:11:05.085553
Outerwear 377,6802080,4.8,3,M,Women,2025-05-22T14:11:05.085553
Jacket 378,3402400,3.6,3,L,Unisex,2025-05-22T14:11:05.085553
Crewneck 379,3963200,4.4,3,XL,Men,2025-05-22T14:11:05.086549
T-shirt 380,2547040,3.8,3,XXL,Women,2025-05-22T14:11:05.086549
Pants 382,1356160,4.4,3,M,Men,2025-05-22T14:11:06.204351
Outerwear 383,3431040,3.4,3,L,Women,2025-05-22T14:11:06.205348
Jacket 384,1452960,3.3,3,XL,Unisex,2025-05-22T14:11:06.205348
Crewneck 385,7950720,4.9,3,XXL,Men,2025-05-22T14:11:06.205348
T-shirt 386,4793600,4.6,3,S,Women,2025-05-22T14:11:06.205348
Hoodie 387,8418080,4.2,3,M,Unisex,2025-05-22T14:11:06.206341
Pants 388,931200,3.1,3,L,Men,2025-05-22T14:11:06.206341
Outerwear 389,2883200,5.0,3,XL,Women,2025-05-22T14:11:06.206341
Jacket 390,5432960,3.3,3,XXL,Unisex,2025-05-22T14:11:06.206341
T-shirt 392,1226080,4.4,3,M,Women,2025-05-22T14:11:06.207357
Hoodie 393,4068480,3.2,3,L,Unisex,2025-05-22T14:11:06.207357
Pants 394,3540000,3.3,3,XL,Men,2025-05-22T14:11:06.207357
Outerwear 395,3098720,4.0,3,XXL,Women,2025-05-22T14:11:06.207357
Jacket 396,2505280,3.9,3,S,Unisex,2025-05-22T14:11:06.207357
Crewneck 397,855360,3.6,3,M,Men,2025-05-22T14:11:06.207357
T-shirt 398,4592800,4.7,3,L,Women,2025-05-22T14:11:06.207357
Hoodie 399,2523520,3.6,3,XL,Unisex,2025-05-22T14:11:06.207357
Pants 400,6020640,4.7,3,XXL,Men,2025-05-22T14:11:06.207357
Jacket 402,2029120,4.6,3,M,Unisex,2025-05-22T14:11:07.304746
Crewneck 403,1580320,4.1,3,L,Men,2025-05-22T14:11:07.305728
T-shirt 404,3501120,4.9,3,XL,Women,2025-05-22T14:11:07.305728
Hoodie 405,5080160,3.8,3,XXL,Unisex,2025-05-22T14:11:07.305728
Outerwear 407,2761280,3.7,3,M,Women,2025-05-22T14:11:07.305728
Jacket 408,4176000,4.9,3,L,Unisex,2025-05-22T14:11:07.305728
Crewneck 409,3221760,3.5,3,XL,Men,2025-05-22T14:11:07.306760
T-shirt 410,1586720,3.1,3,XXL,Women,2025-05-22T14:11:07.306760
Pants 412,5438240,4.4,3,M,Men,2025-05-22T14:11:07.306760
Outerwear 413,1306400,3.4,3,L,Women,2025-05-22T14:11:07.306760
Jacket 414,2234720,3.7,3,XL,Unisex,2025-05-22T14:11:07.306760
Crewneck 415,3617440,3.1,3,XXL,Men,2025-05-22T14:11:07.306760
T-shirt 416,4454080,3.1,3,S,Women,2025-05-22T14:11:07.307752
Hoodie 417,2769440,4.6,3,M,Unisex,2025-05-22T14:11:07.307752
Pants 418,6307840,5.0,3,L,Men,2025-05-22T14:11:07.307752
Outerwear 419,7004000,5.0,3,XL,Women,2025-05-22T14:11:07.307752
Jacket 420,2472640,3.1,3,XXL,Unisex,2025-05-22T14:11:07.307752
T-shirt 422,924320,3.9,3,M,Women,2025-05-22T14:11:08.408239
Hoodie 423,4601760,3.7,3,L,Unisex,2025-05-22T14:11:08.409238
Pants 424,3865760,4.4,3,XL,Men,2025-05-22T14:11:08.409238
Outerwear 425,2528480,4.8,3,XXL,Women,2025-05-22T14:11:08.409238
Jacket 426,3462400,3.4,3,S,Unisex,2025-05-22T14:11:08.409238
Crewneck 427,6375200,3.3,3,M,Men,2025-05-22T14:11:08.409238
T-shirt 428,7053120,4.9,3,L,Women,2025-05-22T14:11:08.409238
Hoodie 429,1658560,4.9,3,XL,Unisex,2025-05-22T14:11:08.409238
Pants 430,1442080,3.9,3,XXL,Men,2025-05-22T14:11:08.409238
Jacket 432,2151840,4.5,3,M,Unisex,2025-05-22T14:11:08.409238
Crewneck 433,3872480,4.2,3,L,Men,2025-05-22T14:11:08.410761
T-shirt 434,6557120,4.9,3,XL,Women,2025-05-22T14:11:08.410761
Hoodie 435,1015680,4.0,3,XXL,Unisex,2025-05-22T14:11:08.410761
Outerwear 437,1016800,3.9,3,M,Women,2025-05-22T14:11:08.410761
Jacket 438,2453120,4.5,3,L,Unisex,2025-05-22T14:11:08.410761
Crewneck 439,4005440,3.2,3,XL,Men,2025-05-22T14:11:08.411780
T-shirt 440,5326080,3.0,3,XXL,Women,2025-05-22T14:11:08.411780
Pants 442,4701600,4.3,3,M,Men,2025-05-22T14:11:09.513253
Outerwear 443,7262720,4.2,3,L,Women,2025-05-22T14:11:09.513253
Jacket 444,4016960,3.3,3,XL,Unisex,2025-05-22T14:11:09.513253
Crewneck 445,3574240,4.5,3,XXL,Men,2025-05-22T14:11:09.513253
T-shirt 446,7740160,3.2,3,S,Women,2025-05-22T14:11:09.513253
Hoodie 447,4748640,4.0,3,M,Unisex,2025-05-22T14:11:09.514248
Pants 448,820160,4.4,3,L,Men,2025-05-22T14:11:09.514248
Outerwear 449,6410080,4.0,3,XL,Women,2025-05-22T14:11:09.514248
Jacket 450,8754880,3.1,3,XXL,Unisex,2025-05-22T14:11:09.514248
T-shirt 452,6892800,4.4,3,M,Women,2025-05-22T14:11:09.514248
Hoodie 453,6576960,4.2,3,L,Unisex,2025-05-22T14:11:09.514248
Pants 454,2179520,5.0,3,XL,Men,2025-05-22T14:11:09.514248
Outerwear 455,1094080,4.8,3,XXL,Women,2025-05-22T14:11:09.514248
Jacket 456,8096000,4.1,3,S,Unisex,2025-05-22T14:11:09.514248
Crewneck 457,7342880,4.8,3,M,Men,2025-05-22T14:11:09.515831
T-shirt 458,4240000,4.4,3,L,Women,2025-05-22T14:11:09.515831
Hoodie 459,3237280,3.5,3,XL,Unisex,2025-05-22T14:11:09.515831
Pants 460,1880800,3.6,3,XXL,Men,2025-05-22T14:11:09.515831
Jacket 462,6767840,4.5,3,M,Unisex,2025-05-22T14:11:10.623177
Crewneck 463,7539520,4.5,3,L,Men,2025-05-22T14:11:10.623177
T-shirt 464,6070080,4.5,3,XL,Women,2025-05-22T14:11:10.623177
Hoodie 465,6164320,4.7,3,XXL,Unisex,2025-05-22T14:11:10.623177
Outerwear 467,1325920,3.5,3,M,Women,2025-05-22T14:11:10.623177
Jacket 468,4584960,3.7,3,L,Unisex,2025-05-22T14:11:10.624177
Crewneck 469,1738880,4.2,3,XL,Men,2025-05-22T14:11:10.624177
T-shirt 470,7738880,3.1,3,XXL,Women,2025-05-22T14:11:10.624177
Pants 472,3902080,3.1,3,M,Men,2025-05-22T14:11:10.624177
Outerwear 473,5478080,4.2,3,L,Women,2025-05-22T14:11:10.624177
Jacket 474,5864960,4.7,3,XL,Unisex,2025-05-22T14:11:10.625177
Crewneck 475,7017280,4.6,3,XXL,Men,2025-05-22T14:11:10.625177
T-shirt 476,3986240,4.3,3,S,Women,2025-05-22T14:11:10.625177
Hoodie 477,6626080,4.2,3,M,Unisex,2025-05-22T14:11:10.625177
Pants 478,4912000,3.8,3,L,Men,2025-05-22T14:11:10.625177
Outerwear 479,7302400,4.4,3,XL,Women,2025-05-22T14:11:10.625177
Jacket 480,4986240,4.2,3,XXL,Unisex,2025-05-22T14:11:10.626194
T-shirt 482,3352480,4.8,3,M,Women,2025-05-22T14:11:11.739270
Hoodie 483,4035040,4.2,3,L,Unisex,2025-05-22T14:11:11.739270
Pants 484,6428640,4.1,3,XL,Men,2025-05-22T14:11:11.739270
Outerwear 485,4044480,4.7,3,XXL,Women,2025-05-22T14:11:11.739270
Jacket 486,2573760,3.0,3,S,Unisex,2025-05-22T14:11:11.740270
Crewneck 487,6955520,3.7,3,M,Men,2025-05-22T14:11:11.740270
T-shirt 488,8789760,3.8,3,L,Women,2025-05-22T14:11:11.740270
Hoodie 489,3554560,5.0,3,XL,Unisex,2025-05-22T14:11:11.740270
Pants 490,7081600,3.1,3,XXL,Men,2025-05-22T14:11:11.740270
Jacket 492,6011840,3.0,3,M,Unisex,2025-05-22T14:11:11.741285
Crewneck 493,5071520,4.8,3,L,Men,2025-05-22T14:11:11.741285
T-shirt 494,1390080,3.4,3,XL,Women,2025-05-22T14:11:11.741285
Hoodie 495,1663200,4.5,3,XXL,Unisex,2025-05-22T14:11:11.741285
Outerwear 497,3957760,4.4,3,M,Women,2025-05-22T14:11:11.741285
Jacket 498,4412800,4.6,3,L,Unisex,2025-05-22T14:11:11.741285
Crewneck 499,7825920,4.1,3,XL,Men,2025-05-22T14:11:11.742282
T-shirt 500,8114400,4.2,3,XXL,Women,2025-05-22T14:11:11.742282
Pants 502,7132480,4.4,3,M,Men,2025-05-22T14:11:12.830128
Outerwear 503,4924480,4.8,3,L,Women,2025-05-22T14:11:12.830128
Jacket 504,8024480,5.0,3,XL,Unisex,2025-05-22T14:11:12.830128
Crewneck 505,8747680,4.3,3,XXL,Men,2025-05-22T14:11:12.831353
T-shirt 506,8572000,3.6,3,S,Women,2025-05-22T14:11:12.831353
Hoodie 507,6844000,4.7,3,M,Unisex,2025-05-22T14:11:12.831353
Pants 508,7766080,3.5,3,L,Men,2025-05-22T14:11:12.831353
Outerwear 509,7178400,3.1,3,XL,Women,2025-05-22T14:11:12.831353
Jacket 510,1562080,3.4,3,XXL,Unisex,2025-05-22T14:11:12.831353
T-shirt 512,4319680,3.7,3,M,Women,2025-05-22T14:11:12.832362
Hoodie 513,1693760,4.4,3,L,Unisex,2025-05-22T14:11:12.832362
Pants 514,6888960,3.9,3,XL,Men,2025-05-22T14:11:12.832362
Outerwear 515,7262560,3.1,3,XXL,Women,2025-05-22T14:11:12.832362
Jacket 516,7130720,3.4,3,S,Unisex,2025-05-22T14:11:12.832362
Crewneck 517,1069280,3.5,3,M,Men,2025-05-22T14:11:12.832362
T-shirt 518,2575680,4.1,3,L,Women,2025-05-22T14:11:12.833359
Hoodie 519,2236160,4.5,3,XL,Unisex,2025-05-22T14:11:12.833359
Pants 520,2308320,3.8,3,XXL,Men,2025-05-22T14:11:12.833359
Jacket 522,6292960,4.0,3,M,Unisex,2025-05-22T14:11:13.936243
Crewneck 523,3626720,4.6,3,L,Men,2025-05-22T14:11:13.936243
T-shirt 524,936000,3.8,3,XL,Women,2025-05-22T14:11:13.937238
Hoodie 525,7919040,3.6,3,XXL,Unisex,2025-05-22T14:11:13.937238
Outerwear 527,4669280,3.6,3,M,Women,2025-05-22T14:11:13.937238
Jacket 528,5595840,4.0,3,L,Unisex,2025-05-22T14:11:13.937238
Crewneck 529,1420160,3.2,3,XL,Men,2025-05-22T14:11:13.937238
T-shirt 530,6173760,3.3,3,XXL,Women,2025-05-22T14:11:13.938239
Pants 532,8391200,4.1,3,M,Men,2025-05-22T14:11:13.938239
Outerwear 533,3370240,4.2,3,L,Women,2025-05-22T14:11:13.938239
Jacket 534,3479200,3.7,3,XL,Unisex,2025-05-22T14:11:13.938239
Crewneck 535,3901280,3.7,3,XXL,Men,2025-05-22T14:11:13.938239
T-shirt 536,5092480,3.0,3,S,Women,2025-05-22T14:11:13.938239
Hoodie 537,8671840,3.1,3,M,Unisex,2025-05-22T14:11:13.939236
Pants 538,6134240,3.4,3,L,Men,2025-05-22T14:11:13.939236
Outerwear 539,4692640,4.7,3,XL,Women,2025-05-22T14:11:13.939236
Jacket 540,7051840,4.4,3,XXL,Unisex,2025-05-22T14:11:13.939236
T-shirt 542,4761440,3.5,3,M,Women,2025-05-22T14:11:15.069191
Hoodie 543,8715680,4.7,3,L,Unisex,2025-05-22T14:11:15.069191
Pants 544,5957760,3.1,3,XL,Men,2025-05-22T14:11:15.069191
Outerwear 545,3579360,4.0,3,XXL,Women,2025-05-22T14:11:15.069191
Jacket 546,6271520,3.3,3,S,Unisex,2025-05-22T14:11:15.069191
Crewneck 547,5361120,3.9,3,M,Men,2025-05-22T14:11:15.069191
T-shirt 548,2686240,4.6,3,L,Women,2025-05-22T14:11:15.070190
Hoodie 549,2687200,3.7,3,XL,Unisex,2025-05-22T14:11:15.070190
Pants 550,4450080,4.9,3,XXL,Men,2025-05-22T14:11:15.070190
Jacket 552,5380320,4.1,3,M,Unisex,2025-05-22T14:11:15.070190
Crewneck 553,7760800,3.8,3,L,Men,2025-05-22T14:11:15.070190
T-shirt 554,4001120,4.5,3,XL,Women,2025-05-22T14:11:15.071193
Hoodie 555,1809600,3.0,3,XXL,Unisex,2025-05-22T14:11:15.071193
Outerwear 557,5460480,3.4,3,M,Women,2025-05-22T14:11:15.071193
Jacket 558,5007040,4.0,3,L,Unisex,2025-05-22T14:11:15.071193
Crewneck 559,1590880,3.5,3,XL,Men,2025-05-22T14:11:15.071193
T-shirt 560,6885280,4.2,3,XXL,Women,2025-05-22T14:11:15.071193
Pants 562,3724160,4.5,3,M,Men,2025-05-22T14:11:16.169244
Outerwear 563,8197440,4.7,3,L,Women,2025-05-22T14:11:16.169244
Jacket 564,8319200,4.3,3,XL,Unisex,2025-05-22T14:11:16.170246
Crewneck 565,7635200,3.5,3,XXL,Men,2025-05-22T14:11:16.170246
T-shirt 566,2611360,4.6,3,S,Women,2025-05-22T14:11:16.170246
Hoodie 567,4576160,3.2,3,M,Unisex,2025-05-22T14:11:16.170246
Pants 568,2984160,3.3,3,L,Men,2025-05-22T14:11:16.170246
Outerwear 569,4966880,4.7,3,XL,Women,2025-05-22T14:11:16.170246
Jacket 570,4000960,3.9,3,XXL,Unisex,2025-05-22T14:11:16.171244
T-shirt 572,4756320,3.2,3,M,Women,2025-05-22T14:11:16.171244
Hoodie 573,6954080,4.5,3,L,Unisex,2025-05-22T14:11:16.171244
Pants 574,2424000,3.8,3,XL,Men,2025-05-22T14:11:16.171244
Outerwear 575,3517760,3.4,3,XXL,Women,2025-05-22T14:11:16.171244
Jacket 576,805600,3.5,3,S,Unisex,2025-05-22T14:11:16.172243
Crewneck 577,7873920,3.3,3,M,Men,2025-05-22T14:11:16.172243
T-shirt 578,7958880,4.1,3,L,Women,2025-05-22T14:11:16.172243
Hoodie 579,4428640,4.4,3,XL,Unisex,2025-05-22T14:11:16.172243
Pants 580,2625440,3.3,3,XXL,Men,2025-05-22T14:11:16.172243
Jacket 582,4112160,4.1,3,M,Unisex,2025-05-22T14:11:17.267825
Crewneck 583,5737760,4.5,3,L,Men,2025-05-22T14:11:17.267825
T-shirt 584,6964960,4.8,3,XL,Women,2025-05-22T14:11:17.267825
Hoodie 585,6186880,4.9,3,XXL,Unisex,2025-05-22T14:11:17.267825
Outerwear 587,4424960,4.4,3,M,Women,2025-05-22T14:11:17.268825
Jacket 588,4963040,4.7,3,L,Unisex,2025-05-22T14:11:17.268825
Crewneck 589,931840,4.7,3,XL,Men,2025-05-22T14:11:17.268825
T-shirt 590,6457120,3.9,3,XXL,Women,2025-05-22T14:11:17.268825
Pants 592,6805440,4.3,3,M,Men,2025-05-22T14:11:17.268825
Outerwear 593,7163840,3.9,3,L,Women,2025-05-22T14:11:17.268825
Jacket 594,8707680,4.2,3,XL,Unisex,2025-05-22T14:11:17.269823
Crewneck 595,3723840,3.5,3,XXL,Men,2025-05-22T14:11:17.269823
T-shirt 596,8290400,4.4,3,S,Women,2025-05-22T14:11:17.269823
Hoodie 597,7969440,3.3,3,M,Unisex,2025-05-22T14:11:17.269823
Pants 598,4714080,4.1,3,L,Men,2025-05-22T14:11:17.269823
Outerwear 599,1179040,3.3,3,XL,Women,2025-05-22T14:11:17.269823
Jacket 600,6414080,3.0,3,XXL,Unisex,2025-05-22T14:11:17.270824
T-shirt 602,2260960,4.4,3,M,Women,2025-05-22T14:11:18.393488
Hoodie 603,7511520,3.1,3,L,Unisex,2025-05-22T14:11:18.393488
Pants 604,7662240,4.3,3,XL,Men,2025-05-22T14:11:18.394492
Outerwear 605,1710720,3.7,3,XXL,Women,2025-05-22T14:11:18.394492
Jacket 606,5770720,4.6,3,S,Unisex,2025-05-22T14:11:18.394492
Crewneck 607,3857600,3.1,3,M,Men,2025-05-22T14:11:18.394492
T-shirt 608,7047840,4.6,3,L,Women,2025-05-22T14:11:18.394492
Hoodie 609,2956320,4.1,3,XL,Unisex,2025-05-22T14:11:18.394492
Pants 610,4515360,3.3,3,XXL,Men,2025-05-22T14:11:18.395477
Jacket 612,3202720,3.1,3,M,Unisex,2025-05-22T14:11:18.395477
Crewneck 613,1013920,3.6,3,L,Men,2025-05-22T14:11:18.395477
T-shirt 614,2428160,3.1,3,XL,Women,2025-05-22T14:11:18.395477
Hoodie 615,4798720,4.8,3,XXL,Unisex,2025-05-22T14:11:18.395477
Outerwear 617,1765920,4.3,3,M,Women,2025-05-22T14:11:18.396488
Jacket 618,6474080,3.3,3,L,Unisex,2025-05-22T14:11:18.396488
Crewneck 619,8340639,4.4,3,XL,Men,2025-05-22T14:11:18.396488
T-shirt 620,2270240,3.3,3,XXL,Women,2025-05-22T14:11:18.397014
Pants 622,4849600,3.5,3,M,Men,2025-05-22T14:11:19.493910
Outerwear 623,7299520,4.6,3,L,Women,2025-05-22T14:11:19.494896
Jacket 624,6943200,3.9,3,XL,Unisex,2025-05-22T14:11:19.494896
Crewneck 625,7826400,4.1,3,XXL,Men,2025-05-22T14:11:19.494896
T-shirt 626,7777440,4.5,3,S,Women,2025-05-22T14:11:19.494896
Hoodie 627,1232320,3.2,3,M,Unisex,2025-05-22T14:11:19.494896
Pants 628,8113120,4.3,3,L,Men,2025-05-22T14:11:19.495886
Outerwear 629,3997920,4.4,3,XL,Women,2025-05-22T14:11:19.495886
Jacket 630,1003680,3.8,3,XXL,Unisex,2025-05-22T14:11:19.495886
T-shirt 632,4314240,3.6,3,M,Women,2025-05-22T14:11:19.495886
Hoodie 633,3128000,3.1,3,L,Unisex,2025-05-22T14:11:19.495886
Pants 634,8535680,3.9,3,XL,Men,2025-05-22T14:11:19.495886
Outerwear 635,6897120,4.1,3,XXL,Women,2025-05-22T14:11:19.495886
Jacket 636,3476320,4.5,3,S,Unisex,2025-05-22T14:11:19.495886
Crewneck 637,6030240,4.0,3,M,Men,2025-05-22T14:11:19.497420
T-shirt 638,5220960,4.6,3,L,Women,2025-05-22T14:11:19.497420
Hoodie 639,6782720,4.7,3,XL,Unisex,2025-05-22T14:11:19.497420
Pants 640,3038560,3.8,3,XXL,Men,2025-05-22T14:11:19.497420
Jacket 642,7747360,4.7,3,M,Unisex,2025-05-22T14:11:20.679825
Crewneck 643,6116000,3.2,3,L,Men,2025-05-22T14:11:20.679825
T-shirt 644,7479360,4.2,3,XL,Women,2025-05-22T14:11:20.680341
Hoodie 645,3285440,3.3,3,XXL,Unisex,2025-05-22T14:11:20.680440
Outerwear 647,4304960,3.8,3,M,Women,2025-05-22T14:11:20.680440
Jacket 648,8699520,4.5,3,L,Unisex,2025-05-22T14:11:20.680440
Crewneck 649,8588160,3.2,3,XL,Men,2025-05-22T14:11:20.680440
T-shirt 650,8012800,3.4,3,XXL,Women,2025-05-22T14:11:20.681361
Pants 652,6084960,3.3,3,M,Men,2025-05-22T14:11:20.681361
Outerwear 653,2622080,4.0,3,L,Women,2025-05-22T14:11:20.681869
Jacket 654,4089440,4.7,3,XL,Unisex,2025-05-22T14:11:20.681869
Crewneck 655,1834240,4.1,3,XXL,Men,2025-05-22T14:11:20.681869
T-shirt 656,2538720,4.2,3,S,Women,2025-05-22T14:11:20.682378
Hoodie 657,8459040,4.8,3,M,Unisex,2025-05-22T14:11:20.682378
Pants 658,6268320,3.8,3,L,Men,2025-05-22T14:11:20.683386
Outerwear 659,1817920,3.3,3,XL,Women,2025-05-22T14:11:20.683903
Jacket 660,8715200,3.5,3,XXL,Unisex,2025-05-22T14:11:20.684421
T-shirt 662,1422720,4.5,3,M,Women,2025-05-22T14:11:21.795156
Hoodie 663,7087200,4.0,3,L,Unisex,2025-05-22T14:11:21.795156
Pants 664,8248639,3.5,3,XL,Men,2025-05-22T14:11:21.795156
Outerwear 665,4033600,3.2,3,XXL,Women,2025-05-22T14:11:21.795156
Jacket 666,4844000,3.9,3,S,Unisex,2025-05-22T14:11:21.796153
Crewneck 667,1756640,3.7,3,M,Men,2025-05-22T14:11:21.796153
T-shirt 668,5044640,3.7,3,L,Women,2025-05-22T14:11:21.796153
Hoodie 669,2346080,3.3,3,XL,Unisex,2025-05-22T14:11:21.796153
Pants 670,8406720,4.8,3,XXL,Men,2025-05-22T14:11:21.796153
Jacket 672,4776160,4.5,3,M,Unisex,2025-05-22T14:11:21.796153
Crewneck 673,2803360,4.7,3,L,Men,2025-05-22T14:11:21.797154
T-shirt 674,3156640,3.1,3,XL,Women,2025-05-22T14:11:21.797154
Hoodie 675,4314880,3.2,3,XXL,Unisex,2025-05-22T14:11:21.797154
Outerwear 677,4657440,3.3,3,M,Women,2025-05-22T14:11:21.797154
Jacket 678,2777120,4.3,3,L,Unisex,2025-05-22T14:11:21.797154
Crewneck 679,6373120,3.2,3,XL,Men,2025-05-22T14:11:21.798164
T-shirt 680,8164800,3.2,3,XXL,Women,2025-05-22T14:11:21.798164
Pants 682,7616480,3.9,3,M,Men,2025-05-22T14:11:22.902839
Outerwear 683,3907360,3.6,3,L,Women,2025-05-22T14:11:22.902839
Jacket 684,7102560,3.5,3,XL,Unisex,2025-05-22T14:11:22.903841
Crewneck 685,1495840,4.6,3,XXL,Men,2025-05-22T14:11:22.903841
T-shirt 686,5381760,3.8,3,S,Women,2025-05-22T14:11:22.904190
Hoodie 687,4220800,4.7,3,M,Unisex,2025-05-22T14:11:22.904190
Pants 688,1487520,4.4,3,L,Men,2025-05-22T14:11:22.904190
Outerwear 689,1939040,4.6,3,XL,Women,2025-05-22T14:11:22.904190
Jacket 690,8782560,4.7,3,XXL,Unisex,2025-05-22T14:11:22.904833
T-shirt 692,1416480,4.1,3,M,Women,2025-05-22T14:11:22.904833
Hoodie 693,3031680,4.1,3,L,Unisex,2025-05-22T14:11:22.904833
Pants 694,2466720,3.4,3,XL,Men,2025-05-22T14:11:22.904833
Outerwear 695,959360,3.3,3,XXL,Women,2025-05-22T14:11:22.904833
Jacket 696,5146240,4.2,3,S,Unisex,2025-05-22T14:11:22.905873
Crewneck 697,6545120,5.0,3,M,Men,2025-05-22T14:11:22.905947
T-shirt 698,2444960,4.1,3,L,Women,2025-05-22T14:11:22.905947
Hoodie 699,5250240,4.5,3,XL,Unisex,2025-05-22T14:11:22.905947
Pants 700,3526560,4.3,3,XXL,Men,2025-05-22T14:11:22.905947
Jacket 702,4927680,4.3,3,M,Unisex,2025-05-22T14:11:24.006344
Crewneck 703,2949120,4.2,3,L,Men,2025-05-22T14:11:24.006344
T-shirt 704,6214240,4.1,3,XL,Women,2025-05-22T14:11:24.007335
Hoodie 705,3042880,3.1,3,XXL,Unisex,2025-05-22T14:11:24.007335
Outerwear 707,7746240,4.4,3,M,Women,2025-05-22T14:11:24.007335
Jacket 708,8541280,4.3,3,L,Unisex,2025-05-22T14:11:24.007335
Crewneck 709,7022400,3.9,3,XL,Men,2025-05-22T14:11:24.007335
T-shirt 710,3751520,3.2,3,XXL,Women,2025-05-22T14:11:24.008336
Pants 712,1510400,4.1,3,M,Men,2025-05-22T14:11:24.008336
Outerwear 713,3142880,4.4,3,L,Women,2025-05-22T14:11:24.008336
Jacket 714,892320,3.1,3,XL,Unisex,2025-05-22T14:11:24.008336
Crewneck 715,7021760,3.9,3,XXL,Men,2025-05-22T14:11:24.009335
T-shirt 716,3602560,4.9,3,S,Women,2025-05-22T14:11:24.009335
Hoodie 717,1532800,3.6,3,M,Unisex,2025-05-22T14:11:24.009335
Pants 718,4057120,3.2,3,L,Men,2025-05-22T14:11:24.009335
Outerwear 719,3172960,4.7,3,XL,Women,2025-05-22T14:11:24.009335
Jacket 720,2028320,3.8,3,XXL,Unisex,2025-05-22T14:11:24.009335
T-shirt 722,8724320,3.2,3,M,Women,2025-05-22T14:11:25.105578
Hoodie 723,5664800,3.4,3,L,Unisex,2025-05-22T14:11:25.105578
Pants 724,4824800,4.7,3,XL,Men,2025-05-22T14:11:25.105578
Outerwear 725,4979200,3.0,3,XXL,Women,2025-05-22T14:11:25.105578
Jacket 726,6345920,3.5,3,S,Unisex,2025-05-22T14:11:25.105578
Crewneck 727,4024000,4.8,3,M,Men,2025-05-22T14:11:25.106581
T-shirt 728,8173440,3.0,3,L,Women,2025-05-22T14:11:25.106581
Hoodie 729,6431360,3.6,3,XL,Unisex,2025-05-22T14:11:25.106581
Pants 730,7228800,4.5,3,XXL,Men,2025-05-22T14:11:25.106581
Jacket 732,6597600,3.9,3,M,Unisex,2025-05-22T14:11:25.106581
Crewneck 733,1162880,4.7,3,L,Men,2025-05-22T14:11:25.107581
T-shirt 734,6858560,4.2,3,XL,Women,2025-05-22T14:11:25.107581
Hoodie 735,4664320,4.0,3,XXL,Unisex,2025-05-22T14:11:25.107581
Outerwear 737,1015680,4.7,3,M,Women,2025-05-22T14:11:25.107581
Jacket 738,1893920,3.7,3,L,Unisex,2025-05-22T14:11:25.107581
Crewneck 739,8072960,3.3,3,XL,Men,2025-05-22T14:11:25.108692
T-shirt 740,7016640,3.4,3,XXL,Women,2025-05-22T14:11:25.108692
Pants 742,5626080,3.6,3,M,Men,2025-05-22T14:11:26.214966
Outerwear 743,5678080,3.0,3,L,Women,2025-05-22T14:11:26.214966
Jacket 744,5175680,4.1,3,XL,Unisex,2025-05-22T14:11:26.214966
Crewneck 745,2882560,3.8,3,XXL,Men,2025-05-22T14:11:26.214966
T-shirt 746,1517440,5.0,3,S,Women,2025-05-22T14:11:26.214966
Hoodie 747,6326880,4.7,3,M,Unisex,2025-05-22T14:11:26.216473
Pants 748,3134080,3.7,3,L,Men,2025-05-22T14:11:26.216473
Outerwear 749,2627360,3.2,3,XL,Women,2025-05-22T14:11:26.216473
Jacket 750,1030400,3.7,3,XXL,Unisex,2025-05-22T14:11:26.216473
T-shirt 752,7431520,3.8,3,M,Women,2025-05-22T14:11:26.216473
Hoodie 753,8137600,4.8,3,L,Unisex,2025-05-22T14:11:26.217491
Pants 754,7229760,3.1,3,XL,Men,2025-05-22T14:11:26.217491
Outerwear 755,6910400,4.6,3,XXL,Women,2025-05-22T14:11:26.217491
Jacket 756,7128000,3.1,3,S,Unisex,2025-05-22T14:11:26.217491
Crewneck 757,7582720,4.4,3,M,Men,2025-05-22T14:11:26.217491
T-shirt 758,6025920,3.1,3,L,Women,2025-05-22T14:11:26.217491
Hoodie 759,2779840,4.7,3,XL,Unisex,2025-05-22T14:11:26.218487
Pants 760,2191040,4.1,3,XXL,Men,2025-05-22T14:11:26.218487
Jacket 762,4091840,4.9,3,M,Unisex,2025-05-22T14:11:27.380693
Crewneck 763,5792640,3.9,3,L,Men,2025-05-22T14:11:27.381760
T-shirt 764,7211680,3.4,3,XL,Women,2025-05-22T14:11:27.381760
Hoodie 765,1343360,4.9,3,XXL,Unisex,2025-05-22T14:11:27.381760
Outerwear 767,4152800,4.5,3,M,Women,2025-05-22T14:11:27.381760
Jacket 768,5662080,4.9,3,L,Unisex,2025-05-22T14:11:27.381760
Crewneck 769,6294560,3.3,3,XL,Men,2025-05-22T14:11:27.382682
T-shirt 770,1655040,3.5,3,XXL,Women,2025-05-22T14:11:27.382682
Pants 772,8748160,3.4,3,M,Men,2025-05-22T14:11:27.382682
Outerwear 773,3393600,3.2,3,L,Women,2025-05-22T14:11:27.382682
Jacket 774,1485760,4.1,3,XL,Unisex,2025-05-22T14:11:27.383623
Crewneck 775,8189440,3.1,3,XXL,Men,2025-05-22T14:11:27.383623
T-shirt 776,5333120,3.7,3,S,Women,2025-05-22T14:11:27.383623
Hoodie 777,6104800,3.4,3,M,Unisex,2025-05-22T14:11:27.383623
Pants 778,6034720,4.2,3,L,Men,2025-05-22T14:11:27.383623
Outerwear 779,5816480,3.2,3,XL,Women,2025-05-22T14:11:27.383623
Jacket 780,2767520,3.4,3,XXL,Unisex,2025-05-22T14:11:27.384618
T-shirt 782,4117439,4.5,3,M,Women,2025-05-22T14:11:28.483301
Hoodie 783,2510720,3.0,3,L,Unisex,2025-05-22T14:11:28.483301
Pants 784,5341280,3.0,3,XL,Men,2025-05-22T14:11:28.483301
Outerwear 785,6444480,4.3,3,XXL,Women,2025-05-22T14:11:28.484299
Jacket 786,6749280,5.0,3,S,Unisex,2025-05-22T14:11:28.484299
Crewneck 787,4593600,4.7,3,M,Men,2025-05-22T14:11:28.484299
T-shirt 788,3041120,4.7,3,L,Women,2025-05-22T14:11:28.484299
Hoodie 789,2153280,4.0,3,XL,Unisex,2025-05-22T14:11:28.484299
Pants 790,1708320,3.2,3,XXL,Men,2025-05-22T14:11:28.485302
Jacket 792,4068960,3.8,3,M,Unisex,2025-05-22T14:11:28.485302
Crewneck 793,8650080,4.0,3,L,Men,2025-05-22T14:11:28.485302
T-shirt 794,5983040,4.0,3,XL,Women,2025-05-22T14:11:28.485302
Hoodie 795,4209600,3.9,3,XXL,Unisex,2025-05-22T14:11:28.485302
Outerwear 797,2771360,4.9,3,M,Women,2025-05-22T14:11:28.485302
Jacket 798,4391040,3.4,3,L,Unisex,2025-05-22T14:11:28.486304
Crewneck 799,4048800,4.2,3,XL,Men,2025-05-22T14:11:28.486304
T-shirt 800,7433280,4.6,3,XXL,Women,2025-05-22T14:11:28.486304
Pants 802,5710240,4.4,3,M,Men,2025-05-22T14:11:29.614124
Outerwear 803,1875360,4.3,3,L,Women,2025-05-22T14:11:29.614124
Jacket 804,4459040,3.9,3,XL,Unisex,2025-05-22T14:11:29.614124
Crewneck 805,3266720,4.8,3,XXL,Men,2025-05-22T14:11:29.615123
T-shirt 806,7310560,3.0,3,S,Women,2025-05-22T14:11:29.615123
Hoodie 807,5016000,4.7,3,M,Unisex,2025-05-22T14:11:29.615123
Pants 808,8717760,3.2,3,L,Men,2025-05-22T14:11:29.615123
Outerwear 809,7162560,3.7,3,XL,Women,2025-05-22T14:11:29.615123
Jacket 810,3796640,4.8,3,XXL,Unisex,2025-05-22T14:11:29.616125
T-shirt 812,6406080,4.2,3,M,Women,2025-05-22T14:11:29.616125
Hoodie 813,4872800,5.0,3,L,Unisex,2025-05-22T14:11:29.616125
Pants 814,1110080,4.7,3,XL,Men,2025-05-22T14:11:29.616125
Outerwear 815,5985440,4.8,3,XXL,Women,2025-05-22T14:11:29.616125
Jacket 816,1649120,4.5,3,S,Unisex,2025-05-22T14:11:29.616125
Crewneck 817,8744160,4.4,3,M,Men,2025-05-22T14:11:29.617121
T-shirt 818,5160320,3.8,3,L,Women,2025-05-22T14:11:29.617121
Hoodie 819,4742400,4.7,3,XL,Unisex,2025-05-22T14:11:29.617121
Pants 820,6030720,3.4,3,XXL,Men,2025-05-22T14:11:29.617121
Jacket 822,838240,4.2,3,M,Unisex,2025-05-22T14:11:30.787700
Crewneck 823,6103520,4.7,3,L,Men,2025-05-22T14:11:30.787700
T-shirt 824,3301440,4.1,3,XL,Women,2025-05-22T14:11:30.787700
Hoodie 825,1058400,3.8,3,XXL,Unisex,2025-05-22T14:11:30.788677
Outerwear 827,7091040,4.8,3,M,Women,2025-05-22T14:11:30.788677
Jacket 828,2324000,4.6,3,L,Unisex,2025-05-22T14:11:30.788677
Crewneck 829,4630400,4.4,3,XL,Men,2025-05-22T14:11:30.788677
T-shirt 830,4496480,3.0,3,XXL,Women,2025-05-22T14:11:30.788677
Pants 832,3955360,4.6,3,M,Men,2025-05-22T14:11:30.789676
Outerwear 833,7101280,3.0,3,L,Women,2025-05-22T14:11:30.789676
Jacket 834,7223680,3.1,3,XL,Unisex,2025-05-22T14:11:30.789676
Crewneck 835,7143360,3.9,3,XXL,Men,2025-05-22T14:11:30.789676
T-shirt 836,6065440,4.1,3,S,Women,2025-05-22T14:11:30.789676
Hoodie 837,5532640,5.0,3,M,Unisex,2025-05-22T14:11:30.789676
Pants 838,2848800,3.1,3,L,Men,2025-05-22T14:11:30.790678
Outerwear 839,4208320,3.9,3,XL,Women,2025-05-22T14:11:30.790678
Jacket 840,8164640,3.6,3,XXL,Unisex,2025-05-22T14:11:30.790678
T-shirt 842,2859040,3.3,3,M,Women,2025-05-22T14:11:31.889863
Hoodie 843,2997120,3.6,3,L,Unisex,2025-05-22T14:11:31.889863
Pants 844,7422880,3.9,3,XL,Men,2025-05-22T14:11:31.890859
Outerwear 845,2023200,3.2,3,XXL,Women,2025-05-22T14:11:31.890859
Jacket 846,7480480,3.6,3,S,Unisex,2025-05-22T14:11:31.890859
Crewneck 847,4789920,3.7,3,M,Men,2025-05-22T14:11:31.890859
T-shirt 848,6134240,4.1,3,L,Women,2025-05-22T14:11:31.890859
Hoodie 849,7816160,3.5,3,XL,Unisex,2025-05-22T14:11:31.891866
Pants 850,4144160,4.2,3,XXL,Men,2025-05-22T14:11:31.891866
Jacket 852,2777280,4.1,3,M,Unisex,2025-05-22T14:11:31.891866
Crewneck 853,2643840,3.4,3,L,Men,2025-05-22T14:11:31.891866
T-shirt 854,1600000,4.5,3,XL,Women,2025-05-22T14:11:31.891866
Hoodie 855,3249760,5.0,3,XXL,Unisex,2025-05-22T14:11:31.892868
Outerwear 857,4532800,3.0,3,M,Women,2025-05-22T14:11:31.892868
Jacket 858,3748640,3.7,3,L,Unisex,2025-05-22T14:11:31.892868
Crewneck 859,6418560,3.0,3,XL,Men,2025-05-22T14:11:31.892868
T-shirt 860,2419360,4.7,3,XXL,Women,2025-05-22T14:11:31.892868
Pants 862,4131359,3.3,3,M,Men,2025-05-22T14:11:32.986343
Outerwear 863,1071360,4.0,3,L,Women,2025-05-22T14:11:32.987359
Jacket 864,2168000,4.5,3,XL,Unisex,2025-05-22T14:11:32.987359
Crewneck 865,6805120,3.9,3,XXL,Men,2025-05-22T14:11:32.987359
T-shirt 866,2399040,3.2,3,S,Women,2025-05-22T14:11:32.987359
Hoodie 867,1303840,3.3,3,M,Unisex,2025-05-22T14:11:32.987359
Pants 868,7473760,4.6,3,L,Men,2025-05-22T14:11:32.987359
Outerwear 869,6040320,4.5,3,XL,Women,2025-05-22T14:11:32.988356
Jacket 870,6395040,3.5,3,XXL,Unisex,2025-05-22T14:11:32.988519
T-shirt 872,1343680,4.3,3,M,Women,2025-05-22T14:11:32.988519
Hoodie 873,8321600,4.8,3,L,Unisex,2025-05-22T14:11:32.988519
Pants 874,2755200,4.4,3,XL,Men,2025-05-22T14:11:32.988519
Outerwear 875,2506720,4.6,3,XXL,Women,2025-05-22T14:11:32.989358
Jacket 876,3225760,4.6,3,S,Unisex,2025-05-22T14:11:32.989358
Crewneck 877,4552640,4.6,3,M,Men,2025-05-22T14:11:32.989358
T-shirt 878,4809760,4.7,3,L,Women,2025-05-22T14:11:32.989358
Hoodie 879,1026880,3.1,3,XL,Unisex,2025-05-22T14:11:32.989358
Pants 880,6497760,4.3,3,XXL,Men,2025-05-22T14:11:32.990358
Jacket 882,6420960,3.3,3,M,Unisex,2025-05-22T14:11:34.096209
Crewneck 883,5901120,3.6,3,L,Men,2025-05-22T14:11:34.096209
T-shirt 884,7414720,4.3,3,XL,Women,2025-05-22T14:11:34.097202
Hoodie 885,4760640,3.4,3,XXL,Unisex,2025-05-22T14:11:34.097202
Outerwear 887,7806400,3.8,3,M,Women,2025-05-22T14:11:34.097202
Jacket 888,7869280,4.2,3,L,Unisex,2025-05-22T14:11:34.098219
Crewneck 889,6333920,4.6,3,XL,Men,2025-05-22T14:11:34.098219
T-shirt 890,6439040,4.7,3,XXL,Women,2025-05-22T14:11:34.098219
Pants 892,8515360,4.4,3,M,Men,2025-05-22T14:11:34.099217
Outerwear 893,2673600,3.2,3,L,Women,2025-05-22T14:11:34.099217
Jacket 894,2946560,4.8,3,XL,Unisex,2025-05-22T14:11:34.099217
Crewneck 895,1126720,4.3,3,XXL,Men,2025-05-22T14:11:34.100216
T-shirt 896,7873760,4.9,3,S,Women,2025-05-22T14:11:34.100216
Hoodie 897,6077920,3.1,3,M,Unisex,2025-05-22T14:11:34.100216
Pants 898,8408640,4.1,3,L,Men,2025-05-22T14:11:34.101227
Outerwear 899,6192960,4.8,3,XL,Women,2025-05-22T14:11:34.101227
Jacket 900,7214240,3.3,3,XXL,Unisex,2025-05-22T14:11:34.101227
T-shirt 902,3164000,3.6,3,M,Women,2025-05-22T14:11:35.190070
Hoodie 903,2617920,4.1,3,L,Unisex,2025-05-22T14:11:35.190070
Pants 904,3356320,3.9,3,XL,Men,2025-05-22T14:11:35.190070
Outerwear 905,5027840,4.9,3,XXL,Women,2025-05-22T14:11:35.190070
Jacket 906,4301760,3.9,3,S,Unisex,2025-05-22T14:11:35.190070
Crewneck 907,8732640,4.9,3,M,Men,2025-05-22T14:11:35.190070
T-shirt 908,7954880,4.2,3,L,Women,2025-05-22T14:11:35.190070
Hoodie 909,8383840,3.6,3,XL,Unisex,2025-05-22T14:11:35.190070
Pants 910,2395200,4.7,3,XXL,Men,2025-05-22T14:11:35.190070
Jacket 912,7853280,4.9,3,M,Unisex,2025-05-22T14:11:35.191725
Crewneck 913,3222240,3.5,3,L,Men,2025-05-22T14:11:35.191725
T-shirt 914,5799200,4.6,3,XL,Women,2025-05-22T14:11:35.191725
Hoodie 915,2649120,4.2,3,XXL,Unisex,2025-05-22T14:11:35.191725
Outerwear 917,6061600,4.0,3,M,Women,2025-05-22T14:11:35.191725
Jacket 918,5380800,3.3,3,L,Unisex,2025-05-22T14:11:35.192593
Crewneck 919,8364000,4.7,3,XL,Men,2025-05-22T14:11:35.192593
T-shirt 920,3706080,3.2,3,XXL,Women,2025-05-22T14:11:35.192593
Pants 922,1210880,4.4,3,M,Men,2025-05-22T14:11:36.318159
Outerwear 923,2435840,3.7,3,L,Women,2025-05-22T14:11:36.318159
Jacket 924,3764320,3.8,3,XL,Unisex,2025-05-22T14:11:36.318159
Crewneck 925,7900800,4.5,3,XXL,Men,2025-05-22T14:11:36.318159
T-shirt 926,1911040,4.6,3,S,Women,2025-05-22T14:11:36.318159
Hoodie 927,7706400,3.5,3,M,Unisex,2025-05-22T14:11:36.319159
Pants 928,3911680,3.4,3,L,Men,2025-05-22T14:11:36.319159
Outerwear 929,1253440,3.3,3,XL,Women,2025-05-22T14:11:36.319159
Jacket 930,1741120,4.9,3,XXL,Unisex,2025-05-22T14:11:36.319159
T-shirt 932,5937600,4.2,3,M,Women,2025-05-22T14:11:36.320160
Hoodie 933,4960800,3.4,3,L,Unisex,2025-05-22T14:11:36.320160
Pants 934,2248160,3.6,3,XL,Men,2025-05-22T14:11:36.320160
Outerwear 935,6048000,4.1,3,XXL,Women,2025-05-22T14:11:36.320160
Jacket 936,6165440,3.1,3,S,Unisex,2025-05-22T14:11:36.320160
Crewneck 937,2475360,4.1,3,M,Men,2025-05-22T14:11:36.320160
T-shirt 938,4058400,3.6,3,L,Women,2025-05-22T14:11:36.321167
Hoodie 939,4466080,4.8,3,XL,Unisex,2025-05-22T14:11:36.321167
Pants 940,5776000,3.7,3,XXL,Men,2025-05-22T14:11:36.321167
Jacket 942,7972960,3.0,3,M,Unisex,2025-05-22T14:11:37.427769
Crewneck 943,4571040,4.4,3,L,Men,2025-05-22T14:11:37.427769
T-shirt 944,1578240,4.6,3,XL,Women,2025-05-22T14:11:37.428769
Hoodie 945,2107680,4.2,3,XXL,Unisex,2025-05-22T14:11:37.428769
Outerwear 947,7079680,4.6,3,M,Women,2025-05-22T14:11:37.429290
Jacket 948,4600480,3.9,3,L,Unisex,2025-05-22T14:11:37.429290
Crewneck 949,1844320,4.4,3,XL,Men,2025-05-22T14:11:37.429290
T-shirt 950,7691680,4.9,3,XXL,Women,2025-05-22T14:11:37.429290
Pants 952,7155040,3.7,3,M,Men,2025-05-22T14:11:37.429290
Outerwear 953,8423200,3.8,3,L,Women,2025-05-22T14:11:37.429290
Jacket 954,3878720,4.1,3,XL,Unisex,2025-05-22T14:11:37.430299
Crewneck 955,7006560,4.7,3,XXL,Men,2025-05-22T14:11:37.430299
T-shirt 956,4457600,3.1,3,S,Women,2025-05-22T14:11:37.430299
Hoodie 957,4024320,4.4,3,M,Unisex,2025-05-22T14:11:37.430299
Pants 958,3946240,4.8,3,L,Men,2025-05-22T14:11:37.430299
Outerwear 959,6828480,4.6,3,XL,Women,2025-05-22T14:11:37.431302
Jacket 960,5840160,4.5,3,XXL,Unisex,2025-05-22T14:11:37.431302
T-shirt 962,2887840,4.1,3,M,Women,2025-05-22T14:11:38.601221
Hoodie 963,7916160,4.6,3,L,Unisex,2025-05-22T14:11:38.601221
Pants 964,3885280,3.3,3,XL,Men,2025-05-22T14:11:38.601221
Outerwear 965,3107200,4.5,3,XXL,Women,2025-05-22T14:11:38.601221
Jacket 966,8499520,4.9,3,S,Unisex,2025-05-22T14:11:38.601221
Crewneck 967,1744000,3.5,3,M,Men,2025-05-22T14:11:38.601221
T-shirt 968,4045120,4.4,3,L,Women,2025-05-22T14:11:38.602218
Hoodie 969,4231840,3.8,3,XL,Unisex,2025-05-22T14:11:38.602218
Pants 970,952960,4.6,3,XXL,Men,2025-05-22T14:11:38.602218
Jacket 972,7272000,4.4,3,M,Unisex,2025-05-22T14:11:38.602218
Crewneck 973,7134400,3.9,3,L,Men,2025-05-22T14:11:38.602218
T-shirt 974,4769280,3.0,3,XL,Women,2025-05-22T14:11:38.603219
Hoodie 975,4816000,3.6,3,XXL,Unisex,2025-05-22T14:11:38.603219
Outerwear 977,3356000,3.6,3,M,Women,2025-05-22T14:11:38.603219
Jacket 978,3918240,3.6,3,L,Unisex,2025-05-22T14:11:38.603219
Crewneck 979,4848480,3.4,3,XL,Men,2025-05-22T14:11:38.604220
T-shirt 980,6544000,3.1,3,XXL,Women,2025-05-22T14:11:38.604220
Pants 982,7281760,4.9,3,M,Men,2025-05-22T14:11:39.802999
Outerwear 983,5762560,3.2,3,L,Women,2025-05-22T14:11:39.802999
Jacket 984,7349440,3.8,3,XL,Unisex,2025-05-22T14:11:39.802999
Crewneck 985,6236000,4.3,3,XXL,Men,2025-05-22T14:11:39.802999
T-shirt 986,6713760,4.5,3,S,Women,2025-05-22T14:11:39.804001
Hoodie 987,4008000,4.7,3,M,Unisex,2025-05-22T14:11:39.804001
Pants 988,2054239,3.5,3,L,Men,2025-05-22T14:11:39.804001
Outerwear 989,6869440,4.2,3,XL,Women,2025-05-22T14:11:39.804001
Jacket 990,3327360,4.2,3,XXL,Unisex,2025-05-22T14:11:39.804999
T-shirt 992,4840480,4.9,3,M,Women,2025-05-22T14:11:39.804999
Hoodie 993,6361920,3.4,3,L,Unisex,2025-05-22T14:11:39.804999
Pants 994,1693760,4.4,3,XL,Men,2025-05-22T14:11:39.804999
Outerwear 995,8046720,3.2,3,XXL,Women,2025-05-22T14:11:39.804999
Jacket 996,6942400,4.3,3,S,Unisex,2025-05-22T14:11:39.806011
Crewneck 997,5321280,3.9,3,M,Men,2025-05-22T14:11:39.806011
T-shirt 998,908000,4.2,3,L,Women,2025-05-22T14:11:39.806011
Hoodie 999,8534240,4.8,3,XL,Unisex,2025-05-22T14:11:39.806011
Pants 1000,2938240,4.7,3,XXL,Men,2025-05-22T14:11:39.806011
